"","POSTCODE","Suburb","Top country of birth","rang0n4","rang5n9","rang10n14","rang15n19","rang20n24","rang25n44","rang45n64","rang65n69","rang70n74","rang75n79","rang80n84","above85","total","Born overseas, %","Born in non-English speaking country, %","Top country of birth__1","Top country of birth, persons","Top country of birth, %","Children","Adult","Elderly"
"1",3000,"Melbourne","China",2.3,0.8,0.8,5.6,24.9,47,13.2,2.1,1.1,0.9,0.6,0.7,32927,68.2,58.7,"China",6374,12.8,3.9,90.7,5.4
"2",3002,"East Melbourne","England",3.6,1.2,1.4,1.6,7.8,45.9,23.8,6.2,2.9,1.9,1.7,2,5108,30.8,16.9,"England",414,4.9,6.2,79.1,14.7
"3",3003,"West Melbourne","China",3.3,1.7,1.5,3.8,16.1,54.7,14,2.2,0.8,0.7,1,0.3,4135,43.3,34.6,"China",394,6.1,6.5,88.6,5
"4",3006,"Southbank","China",3,1,0.9,3.8,19,52.8,14.8,2.2,1.4,0.6,0.5,0.2,13424,60.6,47.3,"China",1796,9,4.9,90.4,4.9
"5",3006,"South Wharf","China",0,0,0,1.3,13.3,69.3,16,0,0,0,0,0,75,34.7,28.6,"China",8,8.2,0,99.9,0
"6",3008,"Docklands","China",3.6,1.4,0.9,3.4,14.2,49.4,21.5,3.2,1.3,0.7,0.2,0.2,6640,56.1,43.2,"China",938,9.8,5.9,88.5,5.6
"7",3011,"Footscray","Vietnam",6,3.5,2.5,3.9,11.8,43.8,18.4,2.5,2.2,1.7,1.8,1.9,14149,52.9,45.3,"Vietnam",2500,10.9,12,77.9,10.1
"8",3011,"Seddon","Vietnam",9.3,4.7,3.7,2.9,6.9,43,21.6,2.1,2,1.9,1.1,0.7,5077,34,25.1,"Vietnam",550,6,17.7,74.4,7.8
"9",3012,"West Footscray","Vietnam",7.7,4.7,3.8,4.2,7.3,40.7,20.8,2.9,2.2,2,1.8,1.9,10946,42.7,36.3,"Vietnam",1652,8.7,16.2,73,10.8
"10",3012,"Maidstone","Vietnam",6.2,4.9,4.5,5.9,11.4,37.4,18.8,2.8,2.1,2.1,2,1.9,8295,50.5,45.8,"Vietnam",2346,16.5,15.6,73.5,10.9
"11",3012,"Brooklyn","Vietnam",6,2.5,4.3,3.6,8.4,37.4,23.4,3,2.4,4.2,2.7,2.1,1728,43.2,37.2,"Vietnam",158,5.2,12.8,72.8,14.4
"12",3012,"Kingsville","Vietnam",10.3,6,2.6,3,5.8,45,18.4,2.5,2.1,1.5,1.6,1.3,3737,32.3,23.8,"Vietnam",230,3.6,18.9,72.2,9
"13",3013,"Yarraville","England",8.2,5.7,4.2,4,5.5,39.9,21.5,2.6,2.5,2.1,2,1.9,14503,28.4,19.4,"England",934,3.6,18.1,70.9,11.1
"14",3015,"Newport","England",9,6.2,4.7,5,5.7,35.3,23.6,2.8,2.1,2,1.9,1.8,12653,24.1,15,"England",832,3.7,19.9,69.6,10.6
"15",3015,"Spotswood","England",7.1,4.9,3.6,5,7.6,39.3,22.9,2.9,2.3,1.7,0.7,1.7,2473,27.9,19.3,"England",160,3.6,15.6,74.8,9.3
"16",3015,"South Kingsville","England",8.2,4.7,3.5,3.3,6.5,41.7,21.6,2.9,2.6,1.2,1.8,2.1,1925,31.1,22.6,"England",106,3,16.4,73.1,10.6
"17",3016,"Williamstown","England",6.5,6.6,7.2,6.8,5.1,24.2,30.4,4,2.8,2.1,2.2,2,13830,21.6,11.3,"England",1414,5.6,20.3,66.5,13.1
"18",3016,"Williamstown North","England",3.8,6,5,4.9,7.9,27.6,29.6,4.3,3.5,3.1,2.1,2.2,1626,28.2,15,"England",166,5.5,14.8,70,15.2
"19",3018,"Altona","England",5.8,4.8,4.2,4.4,5.4,29.7,25.6,5.2,3.9,4.4,3.7,2.8,10429,32.1,19.7,"England",1100,5.8,14.8,65.1,20
"20",3018,"Seaholme","England",5.3,4.9,4.6,5.6,5,28.6,28.1,6.9,3.6,2.5,2.4,2.5,1957,31.1,19.5,"England",202,5.6,14.8,67.3,17.9
"21",3019,"Braybrook","Vietnam",8,6.4,5.8,6.8,9.1,33.2,20.5,2.6,2.3,2.2,1.7,1.2,8760,57.4,54.1,"Vietnam",3480,23.7,20.2,69.6,10
"22",3020,"Sunshine West","Vietnam",5.9,5.7,5.6,6.3,8.1,29,22.9,5.5,4.3,3.4,2,1.3,17878,55.4,51.4,"Vietnam",4284,13.7,17.2,66.3,16.5
"23",3020,"Sunshine","Vietnam",7.1,4.9,4.2,4.7,9,36.3,20.4,3,3,2.2,2.4,2.8,9365,51.1,46.3,"Vietnam",1978,12.2,16.2,70.4,13.4
"24",3020,"Sunshine North","Vietnam",6,5.5,6.3,6.7,7.6,29.4,23,4.1,3.5,3.2,2.5,2.3,11284,57.8,55.1,"Vietnam",4922,24.8,17.8,66.7,15.6
"25",3020,"Albion","India",6.7,4.9,4.2,4.7,10.2,38.9,19.7,3.8,2.5,2.2,1.3,0.9,4527,54.7,49.4,"India",1152,14.5,15.8,73.5,10.7
"26",3021,"St Albans","Vietnam",6.3,5.8,5.4,6.1,7.6,30.4,23.2,4.8,3.8,3.1,2,1.5,36838,62.1,59.1,"Vietnam",10998,17.1,17.5,67.3,15.2
"27",3021,"Kings Park","Vietnam",6.5,6.8,6.8,7,7.4,28.1,27,4.6,2.6,1.8,1,0.4,8779,56.3,53,"Vietnam",2120,13.8,20.1,69.5,10.4
"28",3021,"Albanvale","Vietnam",6.5,6.4,6.3,6.2,7.9,28.5,28.5,4.4,2.3,1.5,0.8,0.7,5482,50.8,47.3,"Vietnam",1176,12.1,19.2,71.1,9.7
"29",3021,"Kealba","Vietnam",7.2,4.4,6.3,8.1,8.2,27.9,29.1,4.1,1.9,1.6,0.4,0.9,3283,39,34.8,"Vietnam",436,7.3,17.9,73.3,8.9
"30",3022,"Ardeer","Vietnam",5.9,5.6,6,4.6,6.4,32.2,21.7,3.6,3.9,3,2.6,4.4,2936,48.3,42.3,"Vietnam",418,8.3,17.5,64.9,17.5
"31",3023,"Caroline Springs","Philippines",10.5,9.5,7.6,6.1,5.5,39.5,17.4,1.6,1.1,0.5,0.3,0.2,22029,39.2,33.2,"Philippines",2360,6,27.6,68.5,3.7
"32",3023,"Deer Park","Vietnam",8,6.1,5.7,5.7,7.8,35,22,3.8,2.5,1.6,1,0.7,17803,49.8,44.3,"Vietnam",2228,7.5,19.8,70.5,9.6
"33",3023,"Cairnlea","Vietnam",7.9,8.2,7.6,7.6,7.2,34.4,22.4,2.3,0.9,0.6,0.5,0.4,9673,53,50.1,"Vietnam",3132,18.6,23.7,71.6,4.7
"34",3023,"Burnside Heights","Philippines",11.3,8.6,7.1,5.8,6.1,43.3,15.4,0.9,0.6,0.4,0.3,0.1,5561,47.1,42.7,"Philippines",664,6.9,27,70.6,2.3
"35",3023,"Burnside","Philippines",7.4,8.2,6.9,6.2,5.5,28.9,24,3.3,2,2.4,2.7,2.5,4686,43.6,39.4,"Philippines",580,7,22.5,64.6,12.9
"36",3024,"Wyndham Vale","England",10.5,8.5,7.5,5.9,6.8,37.3,18.1,2.3,1.3,0.9,0.4,0.5,19366,26.4,17,"England",1282,4,26.5,68.1,5.4
"37",3025,"Altona North","Italy",7,5.6,5.2,5.4,5.8,29.5,18.9,4.9,5.5,5.2,3.8,3.1,12026,44.1,39.1,"Italy",1260,6,17.8,59.6,22.5
"38",3026,"Laverton North","New Zealand",0,0,2,3,6,23,54,4,7,0,0,1,100,25,7.8,"New Zealand",22,17.2,2,86,12
"39",3027,"Williams Landing","India",13.1,6.6,4.5,3.8,6.3,50.2,13.2,0.8,0.4,0.4,0.5,0,4079,50.2,40.5,"India",896,14.6,24.2,73.5,2.1
"40",3028,"Altona Meadows","India",6.2,5.1,5.2,6.5,8,30.7,27,3.8,2.8,2.2,1.3,1.1,19507,36.9,30.2,"India",1304,3.7,16.5,72.2,11.2
"41",3028,"Laverton","India",7.5,5.9,4.4,4.8,10.5,38.5,19.5,2.7,2.2,1.9,1.3,0.7,4592,49.3,41.5,"India",1140,15,17.8,73.3,8.8
"42",3028,"Seabrook","India",7.2,8.2,7.1,6.8,6.1,32,25.4,2.8,2,1.4,0.7,0.4,5201,32.6,26.1,"India",324,3.4,22.5,70.3,7.3
"43",3029,"Hoppers Crossing","India",6.5,6.6,6.9,8.1,8.1,27.9,26.9,3.7,2.2,1.5,1,0.7,39037,32.7,25.3,"India",3140,4.4,20,71,9.1
"44",3029,"Tarneit","India",11.4,8.5,6.4,6,7.7,41.4,14.8,1.6,1.1,0.6,0.3,0.2,25535,42,32.4,"India",3374,8.3,26.3,69.9,3.8
"45",3029,"Truganina","India",12.6,8,5.7,4.5,7.6,47.4,12.3,1,0.6,0.2,0.1,0.1,10720,47,37.3,"India",1684,9.9,26.3,71.8,2
"46",3030,"Werribee","England",6.6,6.2,6.3,7.2,7.7,28.8,25.3,3.8,2.7,2.1,1.7,1.7,39846,28.9,20.7,"England",2520,3.6,19.1,69,12
"47",3030,"Point Cook","India",12.4,9.2,6.4,4.7,5,44.3,15,1.4,0.8,0.4,0.2,0.1,37469,43.6,32,"India",3648,5.8,28,69,2.9
"48",3030,"Derrimut","Philippines",14.1,8.3,5.3,4.9,6.8,46.4,12.4,1,0.5,0,0.2,0.1,6765,50.6,45.5,"Philippines",1032,9.2,27.7,70.5,1.8
"49",3031,"Flemington","Vietnam",7.1,6.1,4.6,4.5,9.7,40.3,17.8,2.5,1.9,2.2,1.7,1.6,7914,41.7,35.4,"Vietnam",896,6.6,17.8,72.3,9.9
"50",3031,"Kensington","China",6.8,4.2,2.9,3,10.1,48.7,17.2,2.5,1.7,1.3,0.9,0.9,10420,34.1,24.4,"China",724,4,13.9,79,7.3
"51",3032,"Ascot Vale","Italy",7.9,5.6,4.3,4,8.5,37,22.5,3,2.4,1.9,1.6,1.3,14416,30.2,23.9,"Italy",826,3.3,17.8,72,10.2
"52",3032,"Travancore","China",3.4,3,1.8,3.9,17.7,47.5,15.6,2.4,2.7,0.9,0.6,0.4,1787,48.1,39.8,"China",278,8.8,8.2,84.7,7
"53",3033,"Keilor East","Italy",5.5,5.5,5.3,5.5,5.6,26.3,23.9,7.2,6.2,4.3,2.6,2.1,14002,31.6,27.9,"Italy",2212,8.8,16.3,61.3,22.4
"54",3034,"Avondale Heights","Italy",4.9,4.8,4.4,5.3,6.2,26,25.1,6.6,6.2,4.9,3.1,2.5,11612,44.6,41.6,"Italy",2548,12,14.1,62.6,23.3
"55",3036,"Keilor","Italy",4.7,5.3,6.6,7.1,7.4,21.1,29.6,5.7,4.5,3.1,2.9,2,5969,24.1,19.7,"Italy",418,3.8,16.6,65.2,18.2
"56",3036,"Keilor North","Italy",5.5,7.7,6.6,6.6,17.6,19.8,31.9,4.4,0,0,0,0,91,39.3,27.4,"Italy",20,12.3,19.8,75.9,4.4
"57",3037,"Sydenham","India",7.4,7.2,6.7,7.4,8.2,34.3,21.8,2.6,1.6,0.9,0.8,1,10969,41.7,37.8,"India",2104,10.8,21.3,71.7,6.9
"58",3037,"Delahey","Vietnam",6,6.9,7.4,9.1,7.6,29.2,25.5,3.5,2,1.2,0.7,0.9,8776,48.8,45.5,"Vietnam",1008,6.4,20.3,71.4,8.3
"59",3037,"Taylors Hill","India",11.6,9.5,7.2,6.4,5.6,38.3,16.2,1.9,1.5,1,0.6,0.2,12700,35.3,32.1,"India",1076,4.7,28.3,66.5,5.2
"60",3038,"Keilor Downs","Vietnam",4.5,5.5,5.5,7.2,9,24.7,30.5,4.8,3.6,2.3,1.3,1.1,10755,42.3,39.3,"Vietnam",876,4.5,15.5,71.4,13.1
"61",3038,"Taylors Lakes","Italy",4.3,6,7.3,9.1,9.5,23.9,31.5,3.2,2,1.3,1.1,0.7,16764,32.4,29.2,"Italy",976,3.1,17.6,74,8.3
"62",3038,"Keilor Lodge","Italy",3.4,6.2,8.1,9.1,8.6,23.1,30.2,5.5,2.4,2.9,0.2,0.2,1845,28.8,25.5,"Italy",118,3.5,17.7,71,11.2
"63",3039,"Moonee Ponds","Italy",6.2,5.2,4.7,4.7,7.7,33.7,23.9,3.5,2.9,2.5,2.3,2.5,14362,26.6,20.6,"Italy",1508,5.8,16.1,70,13.7
"64",3040,"Essendon","India",5.1,5.6,5.7,6.4,7.9,29.9,25.6,3.4,2.7,2.4,2.4,3,19720,23,18.2,"India",1530,4.3,16.4,69.8,13.9
"65",3040,"Aberfeldie","England",4.2,7.3,8,8.3,7.4,24.3,28.8,3.2,2.1,2,2,2.4,3765,16.5,11.9,"England",170,2.5,19.5,68.8,11.7
"66",3040,"Essendon West","Italy",4.3,7,8.3,7.2,7.3,24.8,22.3,5.4,3.4,4.2,3.8,2.1,1452,18.2,13.9,"Italy",76,2.8,19.6,61.6,18.9
"67",3041,"Strathmore","Italy",5.4,7,7.4,8.2,7.5,22.1,28.2,3.5,2.9,2.7,2.4,2.8,8471,16.7,12,"Italy",426,2.7,19.8,66,14.3
"68",3041,"Essendon North","India",5,4.3,6.2,4.8,7.4,33.1,24.6,2.9,3.2,2.7,2.4,3.5,2439,26.2,21.1,"India",218,5.2,15.5,69.9,14.7
"69",3041,"Strathmore Heights","Italy",5.6,7.2,6.1,4.3,5.2,28.2,29.1,6.7,2.9,1.9,2.6,0.2,979,20.9,15.1,"Italy",46,2.5,18.9,66.8,14.3
"70",3042,"Airport West","Italy",6,5,4.3,4.5,6.3,31,22.6,4.6,4.9,4.5,3.8,2.3,7336,28.7,24.8,"Italy",1254,9.5,15.3,64.4,20.1
"71",3042,"Niddrie","Italy",6.9,6.3,5.5,5.7,6.5,28.9,24.6,3.1,3.2,3.4,3.1,2.9,5092,22.1,17.2,"Italy",334,3.6,18.7,65.7,15.7
"72",3042,"Keilor Park","Italy",5.3,4.3,4.8,5.5,5.4,26.3,25.5,9.6,5.8,3.7,2.2,1.5,2614,34.9,31.7,"Italy",758,15.3,14.4,62.7,22.8
"73",3043,"Gladstone Park","Italy",4.9,4.7,5.4,6.4,7.2,25.1,28.5,6.7,4.4,3.2,2,1.5,8637,35.7,30.9,"Italy",686,4.4,15,67.2,17.8
"74",3043,"Tullamarine","Italy",5.2,4.2,3.9,4.7,7.7,33.7,24.6,5.9,4.7,2.4,1.9,1.2,6552,35.9,30.6,"Italy",542,4.6,13.3,70.7,16.1
"75",3043,"Gowanbrae","Italy",9.3,8.1,6.4,4.8,5.7,36.4,18.9,3.3,2.7,2.3,1.1,1.1,2922,26.5,22,"Italy",132,2.5,23.8,65.8,10.5
"76",3044,"Pascoe Vale","Italy",6.6,5.6,5,4.8,6.3,34.5,20.1,2.9,2.8,3.5,3.5,4.4,15746,31.1,26.7,"Italy",1870,6.6,17.2,65.7,17.1
"77",3044,"Pascoe Vale South","Italy",6.6,7.3,6.3,5.7,6,29.3,24.5,3.2,2.6,2.9,2.6,2.8,9934,24.7,20.8,"Italy",1182,6.4,20.2,65.5,14.1
"78",3045,"Melbourne Airport","New Zealand",5.1,9.5,1.9,9.5,7,26.6,22.8,8.9,0,5.7,1.9,1.3,158,30.2,20.9,"New Zealand",18,10.6,16.5,65.9,17.8
"79",3046,"Glenroy","India",6.9,5.4,5.2,5.7,7.3,32.3,19.6,3.6,3.6,3.8,3.6,3.1,20810,41.9,37.7,"India",1994,5.5,17.5,64.9,17.7
"80",3046,"Oak Park","India",6.2,5.1,5.3,5.6,7.5,33.6,22.6,2.9,2.9,3.8,2.8,1.6,6102,31,26.5,"India",442,4,16.6,69.3,14
"81",3046,"Hadfield","Italy",6.7,5.9,5.3,6.4,6.3,27.9,20.9,4.2,5.6,4.9,3.8,2.2,5625,35.3,32.6,"Italy",832,8.4,17.9,61.5,20.7
"82",3047,"Broadmeadows","Iraq",8.3,7.5,7.2,8,7.8,29.3,20.1,3.8,2.7,2.4,1.9,1,11187,46.9,43.1,"Iraq",1400,7.5,23,65.2,11.8
"83",3047,"Dallas","Turkey",7.6,8,7.4,7.2,8.2,27.6,20.5,4.2,3.6,3.1,2,0.7,6778,49,45.7,"Turkey",1784,15.5,23,63.5,13.6
"84",3047,"Jacana","India",5,5.8,5.3,5.8,6.4,30.9,21.3,5,4.1,4.7,3.8,2,2048,39.2,33.7,"India",138,3.9,16.1,64.4,19.6
"85",3048,"Meadow Heights","Turkey",8.2,8,8.7,8.9,8.4,28.6,22,3.4,2,1.1,0.5,0.3,15635,47.5,45,"Turkey",3786,13.5,24.9,67.9,7.3
"86",3048,"Coolaroo","Iraq",6.9,7.1,7.1,8.3,8,24.6,21.2,5.7,5.1,3.2,2,0.9,3345,43.6,39.7,"Iraq",662,11,21.1,62.1,16.9
"87",3049,"Westmeadows","Italy",4.8,4.7,4.6,6.4,8.2,28.2,29.4,5.6,3.4,2.5,1.5,0.7,5725,25.6,21.1,"Italy",472,4.6,14.1,72.2,13.7
"88",3049,"Attwood","Italy",6.4,8.5,7.6,8,7.3,28.9,26.4,3.4,1.8,0.9,0.5,0.4,3387,23.9,20.1,"Italy",222,3.5,22.5,70.6,7
"89",3051,"North Melbourne","China",4.1,3.3,3.3,5.8,16.5,43.4,16.2,2.2,1.9,1.4,1,0.8,12943,46.1,36.7,"China",1722,8.2,10.7,81.9,7.3
"90",3052,"Parkville","China",2.4,1.7,1.6,17.3,27.2,26.5,12.4,3.5,1.8,1.5,1.5,2.7,6690,38.7,28.9,"China",724,6.3,5.7,83.4,11
"91",3053,"Carlton","China",3,2.4,1.9,8.4,30.8,37.1,10.8,2,1.4,1,0.7,0.5,14602,63,55.3,"China",2668,11.2,7.3,87.1,5.6
"92",3054,"Princes Hill","England",4.2,4.1,3.8,4.6,10.6,33.7,22,6.2,3.8,2.4,1.7,2.8,2199,25.3,16.1,"England",122,3.1,12.1,70.9,16.9
"93",3054,"Carlton North","England",4.4,3.1,2.6,2.6,13.9,45.1,18.5,3.6,1.8,1.7,1.5,1.1,6644,26.5,15.7,"England",464,4,10.1,80.1,9.7
"94",3055,"Brunswick West","Italy",5.4,4.1,3.4,3.5,10.4,41.4,19.8,3.1,2.7,2.5,1.8,1.9,13959,36.4,30,"Italy",1164,4.7,12.9,75.1,12
"95",3056,"Brunswick","Italy",5.5,3.2,2.3,3.1,11.5,46.7,17.5,2.6,2.4,2.2,1.6,1.5,24433,34.8,26.5,"Italy",1864,4.4,11,78.8,10.3
"96",3057,"Brunswick East","Italy",5,3.9,3.1,2.8,9.4,48.1,17,2.7,2.5,2.4,1.8,1.4,9114,33.9,24.8,"Italy",1036,6.4,12,77.3,10.8
"97",3058,"Coburg","Italy",7,5.4,4.3,4.6,8.7,36.4,21,3,3.1,2.7,2.1,1.7,26503,35.9,30.6,"Italy",3482,7.4,16.7,70.7,12.6
"98",3058,"Coburg North","Italy",6.8,5.5,4.6,4.3,7.8,33.4,20.8,3.6,3.7,3.5,2.7,3.4,6923,38.7,32.8,"Italy",984,8.1,16.9,66.3,16.9
"99",3059,"Greenvale","Italy",4.7,6.6,8.3,9.9,8.8,25.1,29.1,3.3,2.1,1.1,0.5,0.4,12344,31,28.6,"Italy",1458,6.4,19.6,72.9,7.4
"100",3060,"Fawkner","Italy",7.1,6.9,6.1,5.9,6.5,28.1,18.8,3.7,4.3,4.8,4.3,3.4,13316,49.6,45.7,"Italy",3314,14,20.1,59.3,20.5
"101",3061,"Campbellfield","Iraq",7.8,6.7,7.2,6.9,7.8,27.9,19.7,5.7,4.4,3.1,1.7,1.1,5730,54.9,52.4,"Iraq",1372,13.7,21.7,62.3,16
"102",3064,"Roxburgh Park","Iraq",8.6,9.7,9.6,8.9,8.4,30.6,19.9,1.8,1,0.6,0.5,0.3,20536,46,43.5,"Iraq",4664,12.9,27.9,67.8,4.2
"103",3065,"Fitzroy","Vietnam",5.2,3.6,2.4,2.8,9.1,49.2,18.6,3,2.1,1.8,1.3,0.9,10535,37.4,25.6,"Vietnam",796,4.8,11.2,79.7,9.1
"104",3066,"Collingwood","Vietnam",5.6,3.7,3.2,2.8,7.6,51.2,18.1,2.5,1.7,1.5,1,1.1,7090,37.7,27.8,"Vietnam",796,7.1,12.5,79.7,7.8
"105",3068,"Fitzroy North","England",5.7,4.5,3,3.3,7.7,42.4,21.6,3.6,2.6,2.3,1.6,1.5,12330,27.6,16.5,"England",996,4.6,13.2,75,11.6
"106",3068,"Clifton Hill","England",5.7,4.7,3.4,3.6,7.8,40.6,25.3,3.3,1.9,1.7,1.1,0.9,6297,23.3,12.8,"England",484,4.4,13.8,77.3,8.9
"107",3070,"Northcote","Greece",6.3,5.6,4.2,3.8,6.5,39.3,21.9,3.2,2.8,2.5,1.9,1.9,24316,27.7,19.1,"Greece",2476,5.7,16.1,71.5,12.3
"108",3072,"Preston","Italy",6.6,5.5,4.4,4.5,7.9,36.6,21.5,3.4,3.2,2.5,2,1.9,31514,37.2,32,"Italy",2640,4.8,16.5,70.5,13
"109",3074,"Thomastown","Italy",5.9,5.1,5.1,6,6.8,28.9,24.2,5.8,4.6,3.8,2.3,1.4,21348,53.9,51.9,"Italy",3232,8.4,16.1,65.9,17.9
"110",3075,"Lalor","Italy",6.5,5.8,5.6,6,6.9,29.1,22.5,5.4,4.7,4.2,2.3,1.1,21348,49.8,47.6,"Italy",2820,7.5,17.9,64.5,17.7
"111",3076,"Epping","India",8.6,6.8,6,6.4,7.5,34.8,21.8,2.7,1.9,1.4,1.2,1,29632,36.1,32.5,"India",2996,5.9,21.4,70.5,8.2
"112",3078,"Alphington","England",6.2,6.2,6.7,4.9,6.2,30.9,27.7,3.3,2.2,1.9,1.3,2.3,4893,22.1,14.4,"England",342,3.9,19.1,69.7,11
"113",3078,"Fairfield","Greece",5.7,5.3,3.8,5.3,7,38.4,23.2,2.9,2.2,2.8,2,1.4,6194,28.2,20.6,"Greece",466,4.1,14.8,73.9,11.3
"114",3079,"Ivanhoe","China",5.5,6.1,6.2,6.3,6.7,28.8,27.1,3.9,2.9,2.4,2,2.2,11691,26.3,19.1,"China",668,3.1,17.8,68.9,13.4
"115",3079,"Ivanhoe East","England",5.2,6.7,7,7.4,6.4,21.7,28.6,5.2,3.4,2.5,2.6,3.4,4024,20.4,13.9,"England",260,3.6,18.9,64.1,17.1
"116",3081,"Heidelberg West","Somalia",7.8,6.8,5.5,5.9,7.4,31.9,20.6,3.6,3,2.4,2.3,2.9,5672,37,32,"Somalia",548,5.6,20.1,65.8,14.2
"117",3081,"Heidelberg Heights","India",7.1,4.6,4.4,4.8,7.9,34,22.4,3.4,2.2,2.7,2.6,3.8,6713,31.3,25.2,"India",438,3.7,16.1,69.1,14.7
"118",3082,"Mill Park","FYR Macedonia",5.3,6.2,6.7,8,8.9,27.3,28.6,3.2,2.2,1.7,1.1,0.8,31334,33.3,29.9,"FYR Macedonia",2142,3.7,18.2,72.8,9
"119",3083,"Bundoora","China",5.3,5.3,4.9,6.8,12.4,28.4,22.4,4.7,3.3,2.8,2,1.8,27155,38,33.9,"China",3674,7.6,15.5,70,14.6
"120",3083,"Kingsbury","China",4.7,3.8,4,4.6,16.5,32.7,17.2,4.8,5.1,3.8,1.8,0.9,3556,52.1,47.9,"China",770,11.9,12.5,71,16.4
"121",3084,"Rosanna","Italy",7.2,5.4,4.7,4.7,6.1,27.1,22.8,4.3,4.4,4.5,4.2,4.8,8350,24.9,18.5,"Italy",630,4.2,17.3,60.7,22.2
"122",3084,"Heidelberg","China",7.2,6.3,4.8,4.7,7.2,33.3,21.7,4.4,2.9,2.4,2.4,2.7,6056,27.4,21.2,"China",324,3,18.3,66.9,14.8
"123",3084,"Viewbank","England",6.6,5.7,5.8,6.5,5.9,24.1,26.6,6.9,5.1,2.9,2,1.9,7067,26.2,20.8,"England",394,3,18.1,63.1,18.8
"124",3084,"Eaglemont","Italy",4.7,6.5,6,7.2,8.4,21.5,31.3,5.2,2.9,2.5,1.9,1.9,4067,21.3,14.5,"Italy",280,3.7,17.2,68.4,14.4
"125",3085,"Macleod","England",7.3,5.8,4.9,5.3,7.7,29.2,22.9,3.5,3.3,3.5,3.3,3.5,10054,25.5,19,"England",556,3,18,65.1,17.1
"126",3085,"Yallambie","England",8.4,6,5.5,7.9,9.5,31.6,20.4,5.2,2.6,1.4,0.9,0.8,4250,18.2,12.1,"England",272,3.5,19.9,69.4,10.9
"127",3087,"Watsonia","England",6.7,6.1,5,5.1,6.2,31.5,22,3.6,4.2,3.9,3.1,2.7,5338,18.2,13.2,"England",242,2.5,17.8,64.8,17.5
"128",3087,"Watsonia North","Italy",5.9,4.6,6.2,6.1,6.9,27.4,26.9,6.6,4.9,2.1,1.7,0.7,3984,21.9,17.2,"Italy",262,3.5,16.7,67.3,16
"129",3088,"Greensborough","England",6.7,5.9,5.4,5.9,6.9,28.2,27,5,3.3,2.2,1.7,1.7,21372,19.2,13,"England",1212,3.1,18,68,13.9
"130",3088,"St Helena","England",4.5,4.9,6.9,8.9,9.8,19.5,33.8,2.5,1.8,1.8,2.4,3.2,2906,14.3,8.1,"England",174,3.1,16.3,72,11.7
"131",3088,"Briar Hill","England",6.3,5.1,5.1,6.3,7.1,30.3,25,4.6,4.4,3.3,1.7,0.8,3192,15.7,7.9,"England",272,4.5,16.5,68.7,14.8
"132",3089,"Diamond Creek","England",5.9,6.8,7.8,8.6,8.5,26,28.4,2.9,2.1,1.4,0.6,0.9,11372,13.4,6.2,"England",962,4.5,20.5,71.5,7.9
"133",3090,"Plenty","England",6.2,9.3,12.1,9.1,8.1,21.2,27.2,3.1,2,0.3,0.5,0.8,1573,12.6,8.5,"England",68,2.4,27.6,65.6,6.7
"134",3091,"Yarrambat","Italy",3.3,6.9,8.7,9.6,7.6,21.6,32.5,5.2,2.6,0.6,0.9,0.6,698,14.1,9.6,"Italy",60,4.7,18.9,71.3,9.9
"135",3093,"Lower Plenty","England",5.1,6,6,5.9,5.8,24.7,27.7,5.9,4.5,2.6,2.2,3.6,3913,15.8,9.2,"England",256,3.5,17.1,64.1,18.8
"136",3094,"Montmorency","England",7.2,5.6,5,5.7,6.8,27.8,27,6,3.2,2.4,1.7,1.5,9034,14.5,7.1,"England",722,4.2,17.8,67.3,14.8
"137",3095,"Eltham","England",5.9,7.1,6.8,7.4,6.7,23.7,30.8,4.8,2.8,1.6,1,1.3,18656,16.4,7.6,"England",1830,5.2,19.8,68.6,11.5
"138",3095,"Eltham North","England",5.7,6.3,8.6,10.2,7.8,21.9,32.3,3.3,2.1,0.8,0.3,0.6,7096,14.6,7.7,"England",582,4.4,20.6,72.2,7.1
"139",3095,"Research","England",4.5,6.6,7.3,9.3,9,20.9,33.2,4.1,1.2,1.7,1.3,0.9,2302,12.5,5.8,"England",202,4.7,18.4,72.4,9.2
"140",3096,"Wattle Glen","England",6.7,6.7,7.3,9,7.2,20.5,28.2,5.6,3,1.4,1.9,2.4,1676,13.5,5.2,"England",176,5.5,20.7,64.9,14.3
"141",3099,"Hurstbridge","England",7.4,7.1,7.5,6.5,6.8,26.6,28.8,4.8,2.4,0.7,1.1,0.5,2800,12,4.3,"England",254,4.8,22,68.7,9.5
"142",3101,"Kew","China",5,5.5,5.5,7,8.3,26.9,25.9,4.8,3.3,2.6,2.4,2.9,25364,28.7,21,"China",1798,4,16,68.1,16
"143",3102,"Kew East","China",5.7,7.2,6.8,6.5,6.6,26,26.4,4.3,3.1,3,2.3,2.2,6212,27.2,21.5,"China",430,3.7,19.7,65.5,14.9
"144",3103,"Balwyn","China",4,5.1,6.7,8.6,8.2,21.7,27.6,4.7,3.2,3.2,3.3,3.6,13646,37.8,30.7,"China",2424,9.7,15.8,66.1,18
"145",3103,"Deepdene","China",3.6,4.7,5.9,7.8,9.7,17.3,27.9,4.9,5.3,3.3,3.5,6.1,2473,29.5,23.5,"China",328,7.3,14.2,62.7,23.1
"146",3104,"Balwyn North","China",4.4,5.8,7.5,9,8,20,28.3,4.1,3.7,2.9,3.1,3.2,21429,35.4,29.2,"China",2926,7.4,17.7,65.3,17
"147",3105,"Bulleen","Italy",5.5,5.4,4.8,5.2,6.1,25.6,24.1,5.5,6.5,5.3,3.8,2.2,11404,40.9,37.6,"Italy",1928,9.2,15.7,61,23.3
"148",3106,"Templestowe","China",4,5.2,5.9,7.1,7.7,21.8,30.1,6.5,4.5,2.9,2,2.3,17354,37.8,30,"China",1526,4.8,15.1,66.7,18.2
"149",3107,"Templestowe Lower","China",5.4,5.3,4.9,5.2,5.4,25,24.4,7,6.8,4.5,2.9,3.2,13790,37.7,32.5,"China",1398,5.6,15.6,60,24.4
"150",3108,"Doncaster","China",4.4,4.5,4.5,5.5,7.1,25.2,25.1,6.3,6,5.2,3.6,2.7,19527,47.5,42.5,"China",3982,11.3,13.4,62.9,23.8
"151",3109,"Doncaster East","China",4.8,5,5.9,6.7,7.2,25.5,26.3,5.5,4.8,3.5,2.6,2.1,28551,44.2,38.1,"China",4278,8.2,15.7,65.7,18.5
"152",3111,"Donvale","China",4.7,5.8,6.5,6.6,6.8,22.8,27.9,6.1,4.3,3.1,2.6,2.8,12173,29.5,22.1,"China",798,3.5,17,64.1,18.9
"153",3113,"Warrandyte","England",4.7,8.1,7.4,7.1,7.8,21.5,31.7,5.1,2.9,1.9,0.9,0.9,5523,19.4,10.5,"England",554,5.4,20.2,68.1,11.7
"154",3113,"North Warrandyte","England",6.7,8.2,7.3,7.9,6.3,23.1,30,4.6,3.5,1,0.9,0.5,2822,16.6,6.4,"England",334,6.4,22.2,67.3,10.5
"155",3114,"Park Orchards","England",4.3,7.7,8.4,8.8,6.6,20.6,29.1,5.8,3.4,2.9,1.6,0.9,3850,17.6,8.9,"England",412,5.8,20.4,65.1,14.6
"156",3115,"Wonga Park","England",4.7,6.7,9.6,10.7,7.8,19.5,32,4.2,2.6,1,0.7,0.4,2793,13.6,5.2,"England",294,5.6,21,70,8.9
"157",3116,"Chirnside Park","England",5.1,6.1,6.7,7.1,8.1,24.9,26.6,5.9,4.1,2.6,1.7,1.1,8624,20.8,10.3,"England",1064,6.6,17.9,66.7,15.4
"158",3121,"Richmond","Vietnam",4.9,3,2.6,3,8.1,48.8,19.3,3.2,2.5,2,1.4,1.2,25957,35.1,24.5,"Vietnam",2694,6.1,10.5,79.2,10.3
"159",3121,"Burnley","England",5.4,3.1,1.6,1.1,11.8,53,16.7,3.5,1.6,1.4,0.3,0.4,796,26.8,16.9,"England",72,5,10.1,82.6,7.2
"160",3121,"Cremorne","New Zealand",5.1,3.9,1.2,2.3,7,63.1,13.5,1.4,1.1,0.8,0.4,0.2,1667,25.7,10.5,"New Zealand",154,5.3,10.2,85.9,3.9
"161",3122,"Hawthorn","India",4.3,4.1,3.8,6,12.7,39.2,19.3,3.5,2.5,1.6,1.3,1.7,22712,33.2,24.2,"India",1982,5,12.2,77.2,10.6
"162",3123,"Hawthorn East","India",5.1,5.1,4.8,5.1,10,36.1,21.6,3.8,2.7,2,1.8,1.9,14015,29.7,21.1,"India",1006,4.1,15,72.8,12.2
"163",3124,"Camberwell","England",4.8,6.6,6.4,7.3,7.6,23.4,27.1,5,3.2,2.5,2.6,3.6,21043,26.9,17.5,"England",1604,4.1,17.8,65.4,16.9
"164",3125,"Burwood","China",4.9,5,4.7,7.8,14.9,26.5,19.1,3.3,3.1,3.3,3.2,4.3,14030,43.1,37.1,"China",3038,12.1,14.6,68.3,17.2
"165",3126,"Canterbury","England",3.8,5.9,7,8.1,7.9,19,29.6,4.8,3.5,3.2,2.8,4.6,8198,26.2,15.9,"England",690,4.5,16.7,64.6,18.9
"166",3127,"Surrey Hills","England",5.6,6.7,6.7,6.9,8.1,24.5,28.3,4.3,2.9,2.1,1.9,2,13779,22.8,14.6,"England",964,3.8,19,67.8,13.2
"167",3127,"Mont Albert","China",4.7,5.3,6.6,7.5,9,25.1,28.4,3,3.2,2.6,2.4,2.1,5154,28.7,20.3,"China",588,6.1,16.6,70,13.3
"168",3128,"Box Hill","China",4.3,3.8,3.9,5.6,15.8,34.3,18.8,2.7,2.5,2.5,2.4,3.3,10246,53,49.3,"China",3946,22.3,12,74.5,13.4
"169",3128,"Box Hill South","China",6.5,6.2,5.4,6.1,8.5,28.8,24,3.8,2.8,2.6,3,2.5,8250,32.8,26,"China",1270,8.6,18.1,67.4,14.7
"170",3129,"Box Hill North","China",6,6.1,5.4,5.8,8,30.1,23,3.9,3.5,3.1,2.7,2.4,11446,40.2,34.6,"China",2444,11.6,17.5,66.9,15.6
"171",3129,"Mont Albert North","China",6.3,5.6,6.6,6.1,6.8,24.3,26.6,4.6,3.6,3.5,3.2,2.8,5368,28.9,22.2,"China",622,6.3,18.5,63.8,17.7
"172",3130,"Blackburn","England",5.6,6.3,5.6,6.3,6.7,25.9,25.1,4.4,3.3,3.7,3.5,3.7,13428,25.7,17.7,"England",974,4,17.5,64,18.6
"173",3130,"Blackburn South","China",6.2,6.1,5.6,6,5.9,26,23.1,4.6,4.4,4.4,3.9,3.9,10997,30.8,24.1,"China",1020,5.1,17.9,61,21.2
"174",3130,"Blackburn North","China",7.2,6.5,6.6,5.7,5.4,28.2,22.9,4,4.1,3.7,3.3,2.3,7350,31,25.2,"China",706,5.2,20.3,62.2,17.4
"175",3131,"Nunawading","China",7.2,6.1,5.2,4.7,6.6,32.4,21.9,3.9,3.5,2.8,2.7,3,11503,33.7,26.6,"China",1182,5.6,18.5,65.6,15.9
"176",3131,"Forest Hill","China",5.8,5.8,5.5,4.9,6,27.7,22.9,4.7,4.9,4.5,3.8,3.7,10480,36.5,30.1,"China",1252,6.5,17.1,61.5,21.6
"177",3132,"Mitcham","China",7.5,6.4,5,5,6,32.6,22.9,4.4,3.5,3,2,1.8,15738,28.7,21.5,"China",1276,4.5,18.9,66.5,14.7
"178",3133,"Vermont South","China",4.1,5,6.3,7.2,7.3,20.1,30.6,7.3,4.7,3.2,2.2,2,11972,37.8,30.1,"China",1134,5.1,15.4,65.2,19.4
"179",3133,"Vermont","England",6,7,6.2,6,5.8,26.4,24.3,6.2,4.8,3.4,2.2,1.7,10322,28.5,20.7,"England",648,3.3,19.2,62.5,18.3
"180",3134,"Ringwood","England",7.1,5.3,4.9,5.3,6.6,32.3,21.5,4.6,3.4,3.1,2.7,3.2,16729,30.1,21.4,"England",1312,4.2,17.3,65.7,17
"181",3134,"Ringwood North","England",5.8,6.8,6.7,7.1,6.6,24.9,27.8,5.4,3.7,2.3,1.6,1.4,10032,20.5,12,"England",768,4.1,19.3,66.4,14.4
"182",3134,"Warranwood","England",5.7,8.6,8.7,8.9,8.7,22.8,29.3,3.7,1.6,1.2,0.7,0.2,4937,15.7,8.1,"England",412,4.5,23,69.7,7.4
"183",3134,"Warrandyte South","England",2.5,6.7,11.7,16.3,9.2,15.9,34.3,1.3,1.7,0,0,0.4,239,16.7,5.3,"England",36,7.8,20.9,75.7,3.4
"184",3135,"Ringwood East","England",7.3,5.4,5.5,5.1,6.3,30.9,23,4.7,3.7,3,2.5,2.6,10238,23.5,15,"England",870,4.7,18.2,65.3,16.5
"185",3135,"Heathmont","England",6.2,6.5,5.8,6.5,5.7,28.2,24.2,5.9,3.8,2.7,2.6,2,9689,20.4,11,"England",894,5,18.5,64.6,17
"186",3136,"Croydon","England",6.5,5.3,4.9,5.5,6.5,29,23.6,5,4,3.2,3.1,3.2,24557,21.8,11.8,"England",2674,5.9,16.7,64.6,18.5
"187",3136,"Croydon North","England",5.9,5.7,7.1,7.5,7.7,24.3,28.9,4.1,2.9,2.1,1.8,2,7970,18.6,8.3,"England",874,5.9,18.7,68.4,12.9
"188",3136,"Croydon Hills","England",5.1,7,8.6,10.2,7.6,23.5,29.1,3.2,2.5,1.4,1.1,0.7,5343,16,7.9,"England",384,3.8,20.7,70.4,8.9
"189",3136,"Croydon South","England",7,5.8,6,5.2,7.4,31.3,23.5,4.6,4,2.7,1.3,1.2,4752,18.6,10.6,"England",464,5.3,18.8,67.4,13.8
"190",3137,"Kilsyth","England",6.9,5.4,5,6.2,6.7,26.7,25.3,5.3,3.8,2.5,2.7,3.5,10507,19,8.7,"England",1336,6.9,17.3,64.9,17.8
"191",3137,"Kilsyth South","England",5.8,8.1,10.8,9.5,7.4,25,27.1,2.8,1.1,1.3,0.8,0.3,3170,14.5,6.5,"England",342,5.7,24.7,69,6.3
"192",3138,"Mooroolbark","England",7.1,6.2,6.4,7.2,7.5,28.2,25.1,4.7,2.9,2,1.4,1.2,21406,19.5,9.6,"England",2358,5.9,19.7,68,12.2
"193",3139,"Wandin North","England",7,8.1,8.2,8.3,5.9,27.1,24.2,5,2.8,0.9,2.1,0.4,2269,12.5,5.1,"England",226,5.3,23.3,65.5,11.2
"194",3140,"Lilydale","England",6.4,6.2,6.7,7.4,7.5,26.5,25.7,4.2,3.2,2.7,2.1,1.6,16210,17.9,8.1,"England",1844,6.1,19.3,67.1,13.8
"195",3141,"South Yarra","England",3.5,2.4,2.1,3.2,9.9,49,18,3.9,2.9,2,1.8,1.3,21362,37.5,23.3,"England",1756,5.1,8,80.1,11.9
"196",3142,"Toorak","England",3.3,3.7,3.7,5.1,8.1,27.8,25.7,6.9,5.2,3.6,3.2,3.8,13800,30.7,20.8,"England",892,3.7,10.7,66.7,22.7
"197",3143,"Armadale","England",5.5,4.6,3.9,3.5,7.5,36.8,22,5.1,3.9,2.7,2.2,2.4,9320,30.5,20.5,"England",678,4.2,14,69.8,16.3
"198",3144,"Malvern","India",5.8,6.4,5.6,5,7.6,28.2,25,5,3.7,3.2,2.1,2.4,10136,25.7,17.1,"India",634,3.5,17.8,65.8,16.4
"199",3144,"Kooyong","England",4.9,4.4,5.2,6.8,9.4,20.8,27.7,5.9,4.5,4.4,3.4,2.5,841,20.3,13.7,"England",78,5.1,14.5,64.7,20.7
"200",3145,"Malvern East","China",5.6,6.4,5.9,6.1,10.7,27.9,24.4,3.9,2.7,2.2,1.9,2.3,21158,28.9,22.1,"China",1758,4.6,17.9,69.1,13
"201",3145,"Caulfield East","China",4.1,4.6,2.7,4.9,15.9,34,24.1,4.5,2.2,1.2,0.8,0.9,1295,40.4,33,"China",172,7.2,11.4,78.9,9.6
"202",3146,"Glen Iris","England",5.8,6.5,6,5.9,8.2,29.4,24.8,4.1,3.2,2.1,1.8,2.2,26370,26,18.1,"England",1662,3.5,18.3,68.3,13.4
"203",3147,"Ashburton","England",7.3,8,6.1,6.6,6.8,26.4,25,3.6,3.1,2,2,3.2,8025,25.8,18.4,"England",486,3.3,21.4,64.8,13.9
"204",3147,"Ashwood","China",7,5.6,5.4,5.3,7.8,30.8,23.6,3.4,2.8,2.9,2.6,2.8,6418,35.2,28.7,"China",762,6.6,18,67.5,14.5
"205",3148,"Chadstone","China",6.1,3.8,3.3,5.2,12.3,35.6,20.6,3.6,3.2,2.8,2.1,1.5,8360,49.3,44.3,"China",1330,9,13.2,73.7,13.2
"206",3149,"Mount Waverley","China",4.9,5.5,5.6,6.3,7.9,25.1,24.6,4.7,4.8,4.4,3.7,2.5,33958,39.8,33.1,"China",4616,7.4,16,63.9,20.1
"207",3150,"Glen Waverley","China",4,4.9,6.3,7.8,8.1,23.7,26,5.4,5.1,3.8,2.6,2.3,41176,50.9,44.5,"China",8176,10.9,15.2,65.6,19.2
"208",3150,"Wheelers Hill","China",4.1,5.3,5.5,6.5,6.9,22,28.8,7.3,5.3,3.6,2.4,2.4,20237,43.1,35.8,"China",1976,5.3,14.9,64.2,21
"209",3151,"Burwood East","China",4.5,4.6,4.5,5.5,10.5,27,21.9,6.1,5.9,4.6,2.9,2,10601,47.6,43.2,"China",2214,11.2,13.6,64.9,21.5
"210",3152,"Wantirna South","Malaysia",4.2,5,5.8,7.8,8.6,22.2,29.8,4.6,3.2,2.8,2.7,3.2,18112,39.1,31.3,"Malaysia",1570,4.6,15,68.4,16.5
"211",3152,"Wantirna","China",5.3,4.8,5.2,6.1,7.5,26.1,29.8,4.8,3.3,2.3,1.9,2.8,14268,32.8,25.2,"China",966,3.6,15.3,69.5,15.1
"212",3153,"Bayswater","England",6.7,5.4,4.8,5.5,6.9,31.8,23.3,5,3.8,3.1,1.8,1.9,11773,30.2,21.6,"England",892,4.1,16.9,67.5,15.6
"213",3153,"Bayswater North","England",6.9,5.6,5.3,5.6,7.2,33.3,24.6,3.7,2,1.9,1.8,2.1,8671,21.2,13.4,"England",704,4.3,17.8,70.7,11.5
"214",3155,"Boronia","England",6.1,5.2,5,5.6,6.8,29.5,25.4,5.1,4,2.7,2.3,2.3,21453,23.5,14,"England",2224,5.6,16.3,67.3,16.4
"215",3156,"Ferntree Gully","England",6.1,5.8,6,6.7,6.6,29.1,26.3,4.9,3.4,2.3,1.4,1.5,26423,22.6,12.9,"England",2814,5.7,17.9,68.7,13.5
"216",3156,"Upper Ferntree Gully","England",6.6,6,5.8,7.3,7.1,26.1,27.8,4.3,2.3,2.3,1.9,2.7,3267,19.8,8.4,"England",430,7.1,18.4,68.3,13.5
"217",3156,"Lysterfield","England",5.6,6.9,9.2,10.3,7.9,24.3,29.9,2.1,1.8,0.8,0.7,0.6,6624,21.8,13.9,"England",538,4.3,21.7,72.4,6
"218",3156,"Lysterfield South","England",4.6,6.5,10.8,11,7.7,19.8,32.6,2.9,1.5,0.8,1.4,0.4,954,27.9,16.2,"England",104,5.7,21.9,71.1,7
"219",3158,"Upwey","England",6.2,6.6,6,8,7.9,27.1,30.1,3.3,1.9,1.2,0.7,0.9,7137,16.5,6.7,"England",860,6.4,18.8,73.1,8
"220",3159,"Selby","England",7.5,7.3,6.4,8.2,6.5,28.4,28.4,4.2,1.2,0.9,0.4,0.6,1714,15.7,5.7,"England",194,6.1,21.2,71.5,7.3
"221",3159,"Menzies Creek","England",6.3,6.3,9.6,6.9,4.8,28.1,30.9,1.9,2.4,1.3,0.7,0.7,669,17.1,6.7,"England",78,6.2,22.2,70.7,7
"222",3160,"Belgrave","England",7.1,6.4,6.5,7.5,7.2,29.7,28.1,2.8,1.8,1.4,0.7,0.6,4078,17.8,6.8,"England",516,6.8,20,72.5,7.3
"223",3160,"Belgrave South","England",4.2,5.6,8.5,9,8.5,20.5,31.6,5.4,3.9,1,1.3,0.6,1549,16.9,6.6,"England",178,6.1,18.3,69.6,12.2
"224",3160,"Tecoma","England",7.1,6.7,6.5,6.9,7.4,24.7,30.4,4.4,2.3,1.1,1.8,0.8,2108,16.5,5.9,"England",282,7.2,20.3,69.4,10.4
"225",3160,"Belgrave Heights","England",6,8.8,8.6,8.4,7.6,23.6,30.1,3.5,1.9,0.8,0.2,0.6,1400,16.5,5.9,"England",160,6.2,23.4,69.7,7
"226",3161,"Caulfield North","Poland",5.9,5.3,4.8,5.5,8.8,30.3,23.1,4.2,2.8,2.6,2.7,4,15428,37.1,26.4,"Poland",1034,3.8,16,67.7,16.3
"227",3162,"Caulfield South","South Africa",6.7,6.1,5.4,5.5,6.2,28.6,26,4.5,2.8,2.6,2.3,3.1,11911,38.7,25.7,"South Africa",1362,6.4,18.2,66.3,15.3
"228",3162,"Caulfield","South Africa",5.5,5.9,4.3,5,6.6,27.4,23.4,5.2,3.9,3.5,3.3,6,5443,44.5,33.2,"South Africa",638,6.6,15.7,62.4,21.9
"229",3163,"Carnegie","India",6,4.7,3.8,3.9,8.8,37.9,20.7,3.7,3,2.7,2,2.8,17289,44.4,37,"India",2722,8.8,14.5,71.3,14.2
"230",3163,"Murrumbeena","India",6.4,6,4.8,4.6,7.7,35.2,23.5,2.9,2.3,2.2,1.9,2.6,9108,34.2,27.9,"India",1048,6.3,17.2,71,11.9
"231",3163,"Glen Huntly","India",5.3,2.9,3.2,3.3,13.5,42.6,18.8,2.9,2.3,2.1,1.5,1.7,4994,57.7,50,"India",1284,15,11.4,78.2,10.5
"232",3166,"Hughesdale","China",6.8,5.9,4.9,5.3,9,34.6,20.6,3.4,2.9,2.7,1.9,2.2,7509,39.9,34.8,"China",934,7,17.6,69.5,13.1
"233",3166,"Oakleigh","Greece",6.2,6.1,5.2,5.3,8.9,33.2,20.9,3.8,3,2.9,2,2.5,7984,38.7,33.1,"Greece",906,6.3,17.5,68.3,14.2
"234",3166,"Oakleigh East","China",6,4.6,4.8,4.8,11.6,35.9,17.6,3.8,3.8,2.5,2.2,2.4,6366,50.2,44.5,"China",878,7.7,15.4,69.9,14.7
"235",3166,"Huntingdale","China",7.5,6.7,4.6,3,11.1,34,21.1,2.3,2.5,1.7,3.2,2.3,1884,42.8,37.6,"China",246,7.2,18.8,69.2,12
"236",3167,"Oakleigh South","Greece",5.8,5.2,4.5,5.8,7.3,29.1,25.4,5.2,3.8,2.7,3,2.2,9637,42.4,37.2,"Greece",998,5.7,15.5,67.6,16.9
"237",3168,"Clayton","China",4.4,3.1,2.3,7,25.3,34.3,11.9,2.3,2.2,2.3,2.2,2.8,16846,70.3,65.5,"China",5214,17.8,9.8,78.5,11.8
"238",3168,"Notting Hill","China",5.2,3.7,3,5.7,21.5,36.3,15.2,2.7,2.3,2.9,0.9,0.5,2353,56,48.9,"China",444,11.4,11.9,78.7,9.3
"239",3169,"Clayton South","India",6.1,4.6,4,5,9.5,35.4,20.1,4.4,4.2,3.1,2.2,1.3,12516,64.7,60.4,"India",3214,14.7,14.7,70,15.2
"240",3169,"Clarinda","India",4.2,4.8,5.2,6.4,7.8,26.3,27.4,5.1,4.5,3.9,2.3,2.2,7848,54,50.1,"India",1282,9,14.2,67.9,18
"241",3170,"Mulgrave","Sri Lanka",6.5,5.2,4.8,5.3,6.8,30.1,23.9,5.8,4.6,3.1,2,1.9,18848,44.4,39.1,"Sri Lanka",1576,4.6,16.5,66.1,17.4
"242",3171,"Springvale","Vietnam",6,5.3,5,5.8,8.8,32.8,20.7,3.8,3.3,3.3,2.9,2.2,20973,68.8,65.6,"Vietnam",8414,22.4,16.3,68.1,15.5
"243",3172,"Springvale South","Vietnam",6.5,5.9,6.3,7.6,8.1,29.6,23.9,4.2,3.1,2,1.4,1.3,12802,59.5,56.1,"Vietnam",4456,19.3,18.7,69.2,12
"244",3172,"Dingley Village","England",5.6,5.5,6.1,7,6.7,22.6,28.8,5.7,4.4,3.2,2.4,2.1,10675,23.5,14.2,"England",1018,5.1,17.2,65.1,17.8
"245",3173,"Keysborough","Vietnam",6,6.3,6.5,7.2,7.3,28.1,26.1,4.8,2.9,2,1.5,1.3,21282,52.8,47.7,"Vietnam",4022,10.6,18.8,68.7,12.5
"246",3174,"Noble Park","India",6.6,5.5,4.8,5.4,7.5,33.5,21.9,4.4,3.5,2.7,2.2,2.1,30183,60.1,54.8,"India",4806,8.9,16.9,68.3,14.9
"247",3174,"Noble Park North","Sri Lanka",5.6,6,5.9,6,7.1,29.1,25.1,5.4,4.2,2.6,1.8,1.2,7797,51.6,45.5,"Sri Lanka",706,5,17.5,67.3,15.2
"248",3175,"Dandenong","India",8.2,5.4,5.3,5.9,8.3,35.4,18.8,3.1,2.9,2.6,2.1,2,27378,67,62.3,"India",5528,12,18.9,68.4,12.7
"249",3175,"Dandenong North","Sri Lanka",6.5,5.9,5.9,6.7,7.2,27.7,25.3,4.9,3.4,2.9,1.8,1.8,22992,52.5,46.2,"Sri Lanka",2158,5.2,18.3,66.9,14.8
"250",3175,"Bangholme","England",3.6,1.6,2.4,2.8,3.1,10.4,23.9,15,13.4,12.5,7.7,3.6,882,38.4,15.7,"England",214,14.6,7.6,40.2,52.2
"251",3177,"Doveton","India",7.6,6.6,6.1,6.5,7.7,30.1,21.5,3.9,3.2,2.9,2.5,1.3,9007,51.4,44.2,"India",984,6.3,20.3,65.8,13.8
"252",3177,"Eumemmerring","England",7.2,5.5,5.3,7.4,6.9,26.6,24,4.9,4.4,3.8,2.2,1.8,1956,51.1,41.2,"England",138,4.1,18,64.9,17.1
"253",3178,"Rowville","England",6.3,6.9,7.7,8.5,7.7,26,27.6,3.2,2.4,1.7,1.2,0.8,35305,31.7,24.4,"England",2274,3.4,20.9,69.8,9.3
"254",3179,"Scoresby","India",6.7,6.6,6.3,6.9,7.2,28.1,27.5,4.9,2.6,1.7,0.7,0.9,6169,33.4,25.8,"India",396,3.4,19.6,69.7,10.8
"255",3180,"Knoxfield","England",5.8,5.4,6.5,6.6,5.6,27.4,26,6,4.6,3,1.9,1.2,7451,29.1,20,"England",698,5,17.7,65.6,16.7
"256",3181,"Windsor","Greece",3.8,2.1,1.4,1.7,9.5,49,16.6,3.3,3.2,2.9,2.6,3.8,7797,35.8,23.3,"Greece",558,4.5,7.3,76.8,15.8
"257",3181,"Prahran","England",4.4,2.9,2.2,2.4,10.1,49.7,17.3,2.7,2.7,2.2,1.6,1.8,12441,33,20.4,"England",990,4.9,9.5,79.5,11
"258",3182,"St Kilda","England",3.2,2.1,1.4,2.1,9.6,54.4,20.2,2.6,1.6,1.2,0.9,0.6,19728,37.4,19.2,"England",2020,6.4,6.7,86.3,6.9
"259",3182,"St Kilda West","England",3.8,2.2,3.6,2.3,7.2,47.2,25,3.6,1.6,1.3,1.3,0.9,3116,30,14,"England",342,6.6,9.6,81.7,8.7
"260",3183,"St Kilda East","England",6.4,4.8,3.7,4.6,7.9,45.4,18.4,2.3,1.9,1.4,1.5,1.7,13375,34.7,21.9,"England",822,3.5,14.9,76.3,8.8
"261",3183,"Balaclava","India",5.9,3.7,2.9,2.3,8.5,50.4,18.4,2.8,1.5,1.4,1.1,1.1,5758,37.9,24.5,"India",496,4.9,12.5,79.6,7.9
"262",3184,"Elwood","England",5.6,4.2,2.9,2.7,5.5,51.4,20.9,2.4,1.6,1.3,0.8,0.9,15830,28.6,14.5,"England",1516,5.7,12.7,80.5,7
"263",3185,"Elsternwick","England",7.2,6.3,5.3,5,5.8,32.6,23.6,4.3,2.6,2,2,3.3,10290,30.9,20.4,"England",698,3.9,18.8,67,14.2
"264",3185,"Gardenvale","India",5.1,6.6,4.4,2.7,7.1,38.1,24.1,4.4,2,2,2,1.7,1007,34.1,25,"India",84,4.6,16.1,72,12.1
"265",3185,"Ripponlea","England",7.6,5.2,3.8,2.8,7.3,46.5,18.9,2.8,2.2,1.2,0.3,1.6,1585,32.2,22.7,"England",102,3.6,16.6,75.5,8.1
"266",3186,"Brighton","England",5.1,6.3,6.1,6.3,5.7,20.7,29.6,6.2,4.4,3,2.8,3.7,22547,26.3,13.3,"England",2498,6.3,17.5,62.3,20.1
"267",3187,"Brighton East","England",5.3,7.3,6.9,6.4,5.9,21.6,27,5.1,3.5,2.9,3.4,4.8,16675,27.7,16.3,"England",1488,4.9,19.5,60.9,19.7
"268",3188,"Hampton","England",6.1,7.8,7.5,6.7,6,22.4,28.5,4.7,3.1,2.6,2.2,2.3,13172,25.3,11.7,"England",1728,7.3,21.4,63.6,14.9
"269",3188,"Hampton East","England",7.5,6.3,5.6,5.5,5,30.3,24.9,3.9,3.9,2.5,2.3,2.3,4686,30.4,21.1,"England",336,4,19.4,65.7,14.9
"270",3189,"Moorabbin","England",6.6,5.3,4.9,5.1,6.6,30.2,23.4,4.2,3.9,3.7,3.8,2.5,5591,34.1,25.5,"England",358,3.6,16.8,65.3,18.1
"271",3190,"Highett","England",7.8,6.6,5.4,4.9,5.3,30.4,24.2,3.8,2.8,2.3,2.8,3.8,10796,28.4,18.2,"England",886,4.6,19.8,64.8,15.5
"272",3191,"Sandringham","England",6.1,6.7,6.4,6,5.4,22.2,27.7,4.9,3.4,2.8,2.8,5.4,9809,25.1,9.5,"England",1468,8.2,19.2,61.3,19.3
"273",3192,"Cheltenham","England",6.5,5.7,4.7,5.3,6.1,28.7,23.5,5.1,4,3.7,3.1,3.6,21311,27.6,18.1,"England",1670,4.3,16.9,63.6,19.5
"274",3193,"Beaumaris","England",5.1,7.3,6.9,7,6,19.5,29.8,5.5,3.7,3.3,3.1,2.9,13434,22.6,9.1,"England",1838,7.3,19.3,62.3,18.5
"275",3193,"Black Rock","England",4.4,6.8,5.9,5.5,5.1,21.3,30.3,6.3,3.9,3.7,3.4,3.5,6218,22.5,9.5,"England",804,7.2,17.1,62.2,20.8
"276",3194,"Mentone","England",4.8,5.8,4.8,5.6,6.6,28.5,25.3,5.2,4,3.3,2.8,3.3,12458,28,17,"England",1134,5.1,15.4,66,18.6
"277",3195,"Mordialloc","England",7,6.4,4.9,5.3,5.8,31.8,24.9,3.7,2.6,2.4,2.4,2.9,7982,26.2,14.8,"England",880,6.1,18.3,67.8,14
"278",3195,"Aspendale","England",7.6,7,5.8,5.9,5.1,28.7,25.4,4.4,3.7,2.9,1.9,1.7,6930,19.8,10,"England",616,4.9,20.4,65.1,14.6
"279",3195,"Parkdale","England",6.5,6.3,6,5.9,6.2,27.5,26.5,4.1,3.3,2.8,2.4,2.4,11749,20.7,10.9,"England",1084,5.1,18.8,66.1,15
"280",3195,"Aspendale Gardens","England",6.1,7.3,8.1,8.3,6.3,24.6,27.4,3.7,2.7,2.7,1.5,1,6889,31.4,22.4,"England",544,4.3,21.5,66.6,11.6
"281",3195,"Waterways","China",8.6,8.5,8.6,7,5.2,37,21.2,2.3,0.5,0.1,0,0.9,2344,46,35.4,"China",220,5.3,25.7,70.4,3.8
"282",3196,"Chelsea","England",7.1,4.6,3.5,3.7,5.9,32.7,22.7,5,4,3.5,3.5,3.9,7571,26.5,15.2,"England",766,5.6,15.2,65,19.9
"283",3196,"Edithvale","England",6.8,5.3,5.6,5.4,6.5,29.7,24.1,4.6,3.3,2.6,3,3.1,5711,20.1,9.2,"England",594,5.7,17.7,65.7,16.6
"284",3196,"Bonbeach","England",6.6,5.4,3.5,4.1,5.4,33.1,24.7,4.9,3.6,3,2.7,2.9,6026,24,12.5,"England",646,6.1,15.5,67.3,17.1
"285",3196,"Chelsea Heights","England",7.7,7.1,6.4,6.6,6,29.6,25.5,4.2,3.1,1.9,1.1,0.7,5375,27.4,18.1,"England",476,4.8,21.2,67.7,11
"286",3197,"Patterson Lakes","England",5,5.9,6.1,6.7,5.7,25.3,30.2,4.6,2.9,2.7,2.4,2.6,7873,26.4,16.6,"England",728,5.1,17,67.9,15.2
"287",3197,"Carrum","England",7,5.1,4,5.1,5.9,31.2,25.8,5.9,3.7,2.4,1.9,2.1,3734,22,10.6,"England",428,6.4,16.1,68,16
"288",3198,"Seaford","England",6.7,5,4.6,5.3,5.9,30.6,25.8,5.4,3.7,2.9,2.3,1.9,16732,22.4,10,"England",1978,6.7,16.3,67.6,16.2
"289",3199,"Frankston","England",6.4,5.2,5.2,5.8,8,28.2,24.7,5.2,4,3,2.2,2.1,36194,25.5,12.3,"England",4486,6.9,16.8,66.7,16.5
"290",3199,"Frankston South","England",5.4,6.1,6.6,7,6,21.7,28,5.8,4.1,2.9,2.7,3.7,18309,22.4,8.6,"England",2906,8.6,18.1,62.7,19.2
"291",3200,"Frankston North","England",6.4,6.3,5.7,6.7,7.2,26.2,23.6,4.6,4.6,4,2.8,1.8,5847,24,11.5,"England",620,6,18.4,63.7,17.8
"292",3201,"Carrum Downs","England",7.6,6.6,6.4,7,7.1,32.1,23.1,3.1,2.3,1.6,1.6,1.5,19895,25.2,15,"England",1598,4.5,20.6,69.3,10.1
"293",3202,"Heatherton","England",9.7,9,5.7,5,5.4,32.3,22.3,2.6,3,2.1,1,2,2927,36.5,25,"England",198,3.8,24.4,65,10.7
"294",3204,"Ormond","India",6.3,6.6,5.9,5.7,7.6,34.2,23.5,3.3,2.3,1.6,1.4,1.5,8139,37.7,30.6,"India",1058,7.2,18.8,71,10.1
"295",3204,"Bentleigh","England",6.3,6.3,6.4,6.4,6.3,27.8,25.7,3.8,3.1,2.6,2.4,2.9,15914,32.5,24,"England",1044,3.6,19,66.2,14.8
"296",3204,"McKinnon","China",5.8,7.8,8.5,7.1,6.7,24.8,28,2.4,2,1.7,2,3.3,5926,30.5,21.7,"China",366,3.4,22.1,66.6,11.4
"297",3205,"South Melbourne","England",5.4,3.4,2.6,3.1,7.5,43,22.3,4,2.7,2.6,1.7,1.7,10622,36.4,23.4,"England",882,5.1,11.4,75.9,12.7
"298",3206,"Albert Park","England",7.1,4.9,4,2.9,4.9,35.1,25.3,5.4,4.3,2.4,2,1.8,6394,26.4,14.7,"England",594,5.3,16,68.2,15.9
"299",3206,"Middle Park","England",6.2,6.1,3.8,3.4,4.5,34.1,25.4,6.1,3.8,2.9,2,1.7,4301,25.8,13,"England",406,5.3,16.1,67.4,16.5
"300",3207,"Port Melbourne","England",5.6,3.8,2.8,2.5,4.5,43.3,24.8,4.9,3.3,2.1,1.3,1,15971,30,17.1,"England",1596,5.9,12.2,75.1,12.6
"301",3214,"Corio","England",7.1,6.6,6.8,9.9,7,25.5,24.5,4.4,3.1,2.5,1.5,1,15433,21.6,14.9,"England",1078,3.8,20.5,66.9,12.5
"302",3214,"Norlane","Croatia",6.5,6.2,6.2,7.1,7,24.2,24.8,4.9,4.2,4,2.8,2.2,8224,25.5,20.3,"Croatia",400,2.7,18.9,63.1,18.1
"303",3214,"North Shore","Netherlands",6.5,6.5,6.5,5.4,6.5,24.3,27,5.1,6.5,1.6,3.2,0.8,370,14.6,10,"Netherlands",16,2.4,19.5,63.2,17.2
"304",3215,"Bell Park","Croatia",5.6,5.2,5,5.5,6.6,25.8,22.1,4.9,5.5,5.6,3.7,4.3,5436,34.3,31.1,"Croatia",866,8.7,15.8,60,24
"305",3215,"Hamlyn Heights","England",6.2,5.7,5.3,6.2,7.3,26.8,23.4,4.3,3.7,3.8,3.7,3.7,6218,16.8,12.2,"England",274,2.4,17.2,63.7,19.2
"306",3215,"Bell Post Hill","Croatia",5.3,4.8,5.8,6.3,5.7,22.6,28.3,8.1,5.6,3.5,2.5,1.6,5032,29.8,25.1,"Croatia",406,4.4,15.9,62.9,21.3
"307",3215,"North Geelong","Croatia",6.1,4.6,3.4,5.1,7.8,26.1,24.4,5.4,3.8,4.3,3.8,5.1,2441,27.5,22.5,"Croatia",166,3.8,14.1,63.4,22.4
"308",3215,"Drumcondra","England",6.8,3.7,4.7,4.8,5.7,21.2,34.7,7.1,4.2,1.9,2.5,2.6,645,15.4,8.6,"England",58,5.1,15.2,66.4,18.3
"309",3216,"Belmont","England",5.8,5.3,5.1,5.6,7.5,28.2,22.9,4.7,3.7,3.6,3.7,3.9,13952,14.8,8.1,"England",858,3.3,16.2,64.2,19.6
"310",3216,"Grovedale","England",6.4,6.1,5.7,6.2,6.5,27.1,24,5.4,3.3,2.7,3,3.5,14675,13.6,6.7,"England",1088,4,18.2,63.8,17.9
"311",3216,"Highton","England",5.3,6.1,6.3,6.7,8.1,23.5,27,5.2,4.2,3.2,2.5,1.9,17516,17.9,9.9,"England",1262,3.9,17.7,65.3,17
"312",3216,"Marshall","England",6.2,4.7,4.4,4.3,5.1,28.1,16,2,3.3,6.3,9.6,10,1380,12.2,6.2,"England",94,3.8,15.3,53.5,31.2
"313",3216,"Wandana Heights","England",5,5.3,8.4,10,8.3,21.1,32,4.4,2,1.7,0.9,0.7,2063,16.4,7.9,"England",172,4.6,18.7,71.4,9.7
"314",3216,"Waurn Ponds","England",10.4,8.3,8.3,6.4,7.8,33.9,19,2.8,1.5,0.8,0.4,0.4,3393,13.9,6.5,"England",278,4.3,27,67.1,5.9
"315",3218,"Geelong West","England",7.8,6.1,4.8,4.8,9.3,34.2,21.5,2.9,2.5,2.1,2.1,1.9,6876,16.8,11.2,"England",360,2.8,18.7,69.8,11.5
"316",3218,"Herne Hill","England",5.3,5,5.3,6.1,7.8,29.8,24.2,3.7,4.2,3.6,2.6,2.5,3445,11.2,6.6,"England",166,2.7,15.6,67.9,16.6
"317",3218,"Manifold Heights","England",6.8,6.1,4.9,6,8.1,27.1,26.8,3.7,3,3,2.8,1.9,2641,12.6,7.4,"England",96,1.9,17.8,68,14.4
"318",3219,"Newcomb","England",4.8,4.7,4.7,5.4,7,24.9,25.5,5.4,5.4,5.1,3.7,3.3,4611,17.5,10.3,"England",364,4.2,14.2,62.8,22.9
"319",3219,"East Geelong","England",7,5.2,5.1,4.7,7.2,31.7,27.2,3.6,2.2,2.1,1.7,2.2,3973,13.4,6.6,"England",246,3.3,17.3,70.8,11.8
"320",3219,"Thomson","England",5.8,4.5,4.9,5.5,9,30.5,25.2,3.3,4.3,2.4,2.1,2.6,1595,16,7.9,"England",148,5.2,15.2,70.2,14.7
"321",3219,"Whittington","England",6.9,6.6,7.5,6.7,6.3,25.1,25.4,5.4,3.7,2.1,2.1,2.3,4258,13.9,7.9,"England",284,3.7,21,63.5,15.6
"322",3219,"Breakwater","England",6.4,5.2,3.5,7.1,10.3,26.1,21.1,7.9,4.4,4.2,2,1.7,1095,14.8,8.9,"England",70,3.6,15.1,64.6,20.2
"323",3220,"Newtown","England",5.6,6.7,6.9,7.4,6.8,24.2,27.7,4.7,3.1,2.4,2.3,2.4,10033,13.3,7.4,"England",588,3.2,19.2,66.1,14.9
"324",3220,"Geelong","England",3.8,3.5,3.4,5.6,10.5,30.5,26.3,4.5,2.8,3.3,2.6,3.2,4885,20.9,15,"England",324,3.7,10.7,72.9,16.4
"325",3221,"Lovely Banks","Croatia",5.6,7.4,8.5,7.8,6.6,31.6,22.9,2.6,2.3,2.2,1.4,1.1,1387,20.3,17.5,"Croatia",74,2.9,21.5,68.9,9.6
"326",3221,"Moolap","England",1.7,4,9.7,8.1,5.3,19.7,29.8,9,4.6,3.7,1.1,3.3,544,13.2,8.9,"England",42,4.1,15.4,62.9,21.7
"327",3350,"Ballarat East","England",6,5.3,5.2,6.4,9.3,26.2,22.1,5.1,3.6,3.6,3.3,3.7,5482,9.6,4.8,"England",272,2.7,16.5,64,19.3
"328",3350,"Ballarat Central","England",6.3,5.3,5.2,6.5,10,28.3,24.4,3.8,3.7,2.5,2.1,1.9,5703,11,6.2,"England",222,2.1,16.8,69.2,14
"329",3350,"Mount Clear","England",6,4.7,5.7,8.4,12.1,25.5,23.8,4.9,3,2.3,2,1.7,3015,11.1,6.5,"England",118,2.1,16.4,69.8,13.9
"330",3350,"Black Hill","England",6.9,6.1,6,6.3,8.7,26.5,24.3,3.8,3.5,3.1,2.4,2.3,4922,8.6,4.3,"England",220,2.4,19,65.8,15.1
"331",3350,"Lake Wendouree","England",5.4,6.2,5.8,7,5.8,18.2,28.3,4.7,3.8,4.1,4.8,5.8,2936,10.3,5.8,"England",118,2.2,17.4,59.3,23.2
"332",3350,"Alfredton","England",7.2,8,8.4,8.9,5.8,26.4,25,3.3,2.9,1.7,1.3,1.1,7614,10.2,5.4,"England",300,2.2,23.6,66.1,10.3
"333",3350,"Newington","England",5.3,5.3,7.3,16.2,6.9,20.3,24,4.9,3.2,2,2.2,2.5,1931,8.4,4.5,"England",60,1.6,17.9,67.4,14.8
"334",3350,"Soldiers Hill","England",7.6,6.2,4.8,5.5,10.7,30.7,22.9,3.3,3,2.4,1.7,1.2,2898,10.1,5.2,"England",134,2.5,18.6,69.8,11.6
"335",3350,"Ballarat North","England",6.1,5.7,6,6,7.6,24.8,23.4,5.7,3.9,3.6,3.7,3.6,4044,7,3.1,"England",154,2,17.8,61.8,20.5
"336",3350,"Mount Pleasant","England",7.6,7.7,6.7,7.5,10,27.6,22.3,2.7,2.4,2.4,1.3,1.8,2164,8.9,4.7,"England",88,2.2,22,67.4,10.6
"337",3350,"Redan","England",6.1,3.9,5.4,5.8,10.2,28,24.4,4.4,3.9,2.9,2.8,2.2,3052,7.6,4.1,"England",134,2.4,15.4,68.4,16.2
"338",3350,"Canadian","England",8.1,6.4,6.2,6.2,10.4,31.4,20.9,3.7,2.6,1.4,1.3,1.6,3304,10.7,6.7,"England",110,1.8,20.7,68.9,10.6
"339",3350,"Mount Helen","England",5.2,6.2,4.6,12.9,17.9,20.3,21.5,5,2.7,1.9,1.4,0.4,2643,9.9,4.9,"England",96,2,16,72.6,11.4
"340",3350,"Eureka","England",6.8,3.1,4.8,7.2,11.5,27.2,24.6,4.3,3.4,2.5,3.4,1.4,651,9,5.4,"England",34,2.9,14.7,70.5,15
"341",3350,"Bakery Hill","India",0,5.1,1.7,10.1,14,30.3,32.6,2.8,1.1,0,1.1,1.1,178,14.4,12,"India",34,10.1,6.8,87,6.1
"342",3350,"Golden Point","England",6.1,4.8,5.1,6.5,11.9,28.7,23.7,4,3.1,1.7,2.7,1.7,2261,11.4,6.9,"England",102,2.5,16,70.8,13.2
"343",3350,"Invermay Park","England",5.1,8.7,8.9,7.3,4.3,21.7,30.2,4.9,4.8,3,0.6,0.5,1923,4.1,2,"England",48,1.3,22.7,63.5,13.8
"344",3350,"Nerrina","England",9,6.8,9.3,8.7,4.2,30.1,27.4,2,1.3,0.4,0.6,0.3,711,5.9,2.5,"England",18,1.4,25.1,70.4,4.6
"345",3352,"Magpie","England",5.7,8.5,8.2,6.6,6.8,19.7,35.2,5.5,1.9,0.8,0,1.1,366,7.4,2.5,"England",14,2.2,22.4,68.3,9.3
"346",3352,"Miners Rest","England",10.6,8.6,6.2,6.1,7.5,37.5,18.8,1.2,1.9,0.7,0.7,0.2,2423,6.7,2.3,"England",82,1.8,25.4,69.9,4.7
"347",3352,"Mitchell Park","China",7,5.4,4.9,7.9,14.1,31.3,20.6,3.9,2.8,1.8,0.4,0,569,8.8,5.7,"China",38,3.7,17.3,73.9,8.9
"348",3355,"Wendouree","England",6.6,5.8,5.4,7.4,7.1,22.7,21.8,6.2,5.4,4.6,3.7,3.4,10902,7.8,4.5,"England",470,2.4,17.8,59,23.3
"349",3355,"Lake Gardens","England",5,8.4,8.6,6.6,5.2,21.6,25.7,5.6,5.6,4.1,2.1,1.5,1717,15.6,7.5,"England",118,3.6,22,59.1,18.9
"350",3356,"Sebastopol","England",6.9,5.9,5.6,6.6,8.9,26.2,21.5,4.7,4.1,3.9,2.8,2.9,9808,9.1,5,"England",412,2.4,18.4,63.2,18.4
"351",3356,"Delacombe","England",7.2,6.9,7.5,7.7,7.6,26.6,23.8,4.1,3,2.7,1.6,1.3,5172,7.5,3.9,"England",202,2.2,21.6,65.7,12.7
"352",3357,"Buninyong","England",8.2,7.9,6.5,6.5,6.7,24.1,27.6,4.7,3.5,2.2,1.4,0.7,2721,10.1,2.8,"England",254,5,22.6,64.9,12.5
"353",3364,"Ascot","England",6.3,6.4,7.5,7.7,7.1,26,27.7,6.2,2.4,1.2,1.4,0.1,1399,4.3,2.3,"England",24,0.9,20.2,68.5,11.3
"354",3381,"Bellfield","India",6,6.2,4.9,5.7,8.8,33.4,22.9,2.3,3.1,2.1,2.9,1.6,1811,32.3,27.5,"India",138,4.3,17.1,70.8,12
"355",3465,"Craigieburn","India",9.8,8.1,7.3,7.3,7.7,35.6,19.6,2,1.3,0.8,0.5,0.2,36549,33.6,28.5,"India",3682,5.9,25.2,70.2,4.8
"356",3550,"Bendigo","England",4.8,5.6,5.9,6.1,11,26.9,25.7,3.9,2.9,2.7,2.1,2.5,5908,9.5,4.9,"England",262,2.5,16.3,69.7,14.1
"357",3550,"Kennington","England",5.3,4.7,5.3,6.7,11.2,22.9,22.3,4.6,3.8,4.2,3.9,5,5956,10.8,7.4,"England",220,2,15.3,63.1,21.5
"358",3550,"North Bendigo","India",6.6,6.7,5.5,6,8.5,27.2,21.1,4.4,3.2,3.3,2.8,4.6,4040,9.6,6.6,"India",140,1.9,18.8,62.8,18.3
"359",3550,"White Hills","England",7.3,6,6.9,6,6.3,26.2,24.8,5.4,3.8,3.1,2.1,2,3404,5.8,3.3,"England",116,1.9,20.2,63.3,16.4
"360",3550,"Long Gully","England",6.9,6.5,6.6,7,6.8,25.6,22.2,5.3,4.6,3.9,2.9,1.6,3400,5.9,2.8,"England",116,1.8,20,61.6,18.3
"361",3550,"Flora Hill","England",5.8,4.8,5.1,11.1,18.4,24.6,17.6,2.9,2.8,2.1,2.1,2.6,3944,8.9,5.8,"England",132,1.8,15.7,71.7,12.5
"362",3550,"Quarry Hill","England",7,6.6,6.4,6.4,11.3,27.4,23.7,3.2,2.7,1.8,1.9,1.5,2385,6.2,3.2,"England",94,2.1,20,68.8,11.1
"363",3550,"Spring Gully","England",6.5,6.8,6.3,6.8,7.7,21.2,27.5,4.2,3.4,2.8,4,2.8,3006,6.7,3.2,"England",142,2.5,19.6,63.2,17.2
"364",3550,"Ironbark","England",5.5,5,5.3,7,8.8,26.8,27.3,3.9,3.8,1.6,2.2,3,1136,5.7,3.3,"England",56,2.8,15.8,69.9,14.5
"365",3550,"East Bendigo","England",5.4,5,4.4,6.2,8.9,24.8,24.6,4.7,4.9,3.7,3.3,4,2187,6.3,3.5,"England",88,2.1,14.8,64.5,20.6
"366",3550,"Strathdale","England",6,5.3,6.7,7.8,6.3,19.7,28.6,5.4,4.8,3.7,2.8,2.8,5760,7.8,4.6,"England",272,2.5,18,62.4,19.5
"367",3550,"West Bendigo","Papua New Guinea",5.6,4.8,5.6,5.4,9.3,26.3,31.4,5.4,2,2.8,1.4,0,354,6.7,2.9,"Papua New Guinea",24,3.5,16,72.4,11.6
"368",3551,"Strathfieldsaye","England",9.2,9.8,8.6,7.2,4,28.9,23.9,3.5,2.4,1.2,0.7,0.5,4439,5.6,2.5,"England",152,1.8,27.6,64,8.3
"369",3551,"Huntly","England",7.3,6.6,6.9,8.4,6.8,24,29.7,3.2,2.8,2.3,1.3,0.5,1235,4.3,1.6,"England",42,1.8,20.8,68.9,10.1
"370",3551,"Epsom","New Zealand",10.3,9,5.9,6.2,6.6,36.4,18.7,2.1,2.1,1.7,0.5,0.6,2803,5.3,3.2,"New Zealand",46,0.9,25.2,67.9,7
"371",3551,"Maiden Gully","England",9.4,8.7,8.2,8.8,5.2,30.1,23.5,2.6,1.7,0.9,0.4,0.6,3837,3.4,1.7,"England",114,1.6,26.3,67.6,6.2
"372",3551,"Junortoun","England",7.4,9.2,10,6.2,3,28,24.4,4.4,3.5,2.5,1.2,0.2,1020,7.4,2.8,"England",44,2.4,26.6,61.6,11.8
"373",3555,"Kangaroo Flat","England",6.6,6.2,5.5,6,7.1,25.2,23.8,4.8,5.1,3.9,3.2,2.7,9896,6.8,3.5,"England",360,2,18.3,62.1,19.7
"374",3555,"Golden Square","England",6.7,5.8,5.3,7,8.5,26.9,22.6,5.1,3.5,3.3,2.5,2.7,8634,6.5,3.6,"England",270,1.7,17.8,65,17.1
"375",3555,"Golden Gully","England",6,6.3,5.2,8.6,9.3,22.8,29.1,6,1.1,2.6,1.1,1.9,268,6,2.8,"England",14,2.8,17.5,69.8,12.7
"376",3556,"Eaglehawk","England",8.2,5.5,5.9,6.3,5.7,25.5,25.4,5.5,4.4,3.1,2.5,2,4875,4.4,1.8,"England",170,1.9,19.6,62.9,17.5
"377",3556,"California Gully","England",7.7,7.8,7,6.7,6.1,25.3,21.6,4.7,4.9,3.4,2.6,2.2,4410,4.3,1.3,"England",158,2,22.5,59.7,17.8
"378",3556,"Sailors Gully","England",5,3.8,6.2,9.6,6,21.3,34,5,3.3,2.9,2.2,0.8,785,5.5,1.4,"England",40,2.9,15,70.9,14.2
"379",3556,"Jackass Flat","Germany",5.8,5.8,9.9,11.5,3.8,22.4,29.2,6.1,1.3,3.8,0,0.3,312,4.2,3.2,"Germany",10,1.8,21.5,66.9,11.5
"380",3634,"Maribyrnong","Vietnam",5.8,4.9,4.9,5,10.5,39.9,21,2.8,1.8,1.3,1.2,0.9,11118,44.2,38.8,"Vietnam",2238,11.7,15.6,76.4,8
"381",3712,"Thornbury","Greece",6.6,5.2,3.7,3.3,7,41.2,20.4,2.7,2.9,2.8,2.3,1.9,18417,33.2,26.5,"Greece",1716,5.3,15.5,71.9,12.6
"382",3752,"South Morang","India",9.7,8.6,7.4,6.7,6.4,36.5,18.6,2,1.4,0.9,0.8,0.9,24428,26.8,22.2,"India",1582,4,25.7,68.2,6
"383",3754,"Doreen","England",12.1,10.4,6.9,4.9,5.3,41,15.3,2.3,0.9,0.5,0.3,0.1,12852,12.2,5.9,"England",778,3.7,29.4,66.5,4.1
"384",3754,"Mernda","England",11.6,8.2,5.6,5.1,7.3,43.2,15.9,1.8,0.9,0.3,0.1,0.1,7599,21.7,15.5,"England",340,2.7,25.4,71.5,3.2
"385",3765,"Montrose","England",5.8,6,6.4,7.6,7.1,23.8,27.5,5.2,2.9,2.1,2.1,3.4,7006,15.2,6.5,"England",812,6.4,18.2,66,15.7
"386",3766,"Kalorama","England",7.6,4.8,5.8,5.4,4.8,29.6,30.2,5.1,3.6,1.6,1.1,0.2,1248,20.2,8.3,"England",204,8.9,18.2,70,11.6
"387",3767,"Mount Dandenong","England",5.9,7.5,7.2,6.1,2.9,19.3,35.1,5.9,3.6,3.7,1.6,1.3,1275,22.4,8.4,"England",250,10.4,20.6,63.4,16.1
"388",3770,"Coldstream","England",7.6,8.8,6.2,7.5,6.4,27.3,27.7,4,1.2,1.1,1.9,0.3,1770,12,2.6,"England",198,5.9,22.6,68.9,8.5
"389",3781,"Cockatoo","England",6.7,6.9,8,8.3,5.9,29.2,28.6,3.3,1.6,0.4,0.4,0.5,3891,13.8,5.2,"England",430,6.1,21.6,72,6.2
"390",3782,"Emerald","England",5.4,6.5,7.5,7.7,5.9,22.6,31.3,5.5,3.1,1.8,1.2,1.6,6030,18.5,6.3,"England",966,8.6,19.4,67.5,13.2
"391",3782,"Avonsleigh","England",10.6,8.2,3.6,4.6,6,32.1,19.7,6.7,4.3,1,2.4,1,417,12.1,3.5,"England",54,7.3,22.4,62.4,15.4
"392",3782,"Clematis","England",7.6,8.2,6,4.6,6,23.9,30.2,5.2,4.6,2.4,0.8,0.5,368,16,4.7,"England",42,6.1,21.8,64.7,13.5
"393",3786,"Ferny Creek","England",5.6,7.2,6.8,6.7,3.7,26.4,31.1,4.8,4.1,1,1.7,0.9,1607,16.5,5.9,"England",178,6.1,19.6,67.9,12.5
"394",3787,"Sassafras","England",5.5,5.9,6.1,7.4,5.1,24.5,35.9,5.2,2.9,0.8,0.3,0.4,1181,18.5,6.9,"England",186,8.4,17.5,72.9,9.6
"395",3788,"Olinda","England",5.6,4.2,6.6,4.3,6.6,26.4,33.6,4.9,3.2,1.6,1.2,1.5,1295,18.8,8,"England",188,7.9,16.4,70.9,12.4
"396",3789,"Sherbrooke","England",5.1,5.5,4.4,2.6,0.7,29,32.4,7.7,5.9,3.7,2.6,0.4,272,19.5,7.3,"England",54,10.4,15,64.7,20.3
"397",3791,"Kallista","England",4.4,7.5,5.7,6.2,5.7,22.5,33.2,6.7,3.7,2,0.9,1.5,1624,19.2,7.2,"England",240,8,17.6,67.6,14.8
"398",3792,"The Patch","England",4.6,8.5,6.7,7.6,6.6,18.5,35.4,6.8,1,2,1,1.1,1089,16.4,6.7,"England",128,6.2,19.8,68.1,11.9
"399",3793,"Monbulk","England",5.9,5.7,6.2,6.8,7.3,25.5,29.2,4.2,2.9,2.7,2.2,1.4,2827,18.4,8.1,"England",382,7.4,17.8,68.8,13.4
"400",3796,"Mount Evelyn","England",7.1,7.1,7.9,7.7,6.7,27.1,26.9,3.8,2.6,1.4,0.9,0.7,9635,13.9,5.6,"England",1078,5.9,22.1,68.4,9.4
"401",3802,"Endeavour Hills","Sri Lanka",5.7,6.2,6.3,7.5,8.4,26.6,29.1,3.8,2.4,1.7,1.1,0.9,25594,49.5,43.3,"Sri Lanka",2630,5.6,18.2,71.6,9.9
"402",3803,"Hallam","India",7.3,5.9,6.3,7.2,7.5,28.2,25.7,3.7,2.6,2.1,1.8,1.7,10770,52.3,45,"India",1078,5.5,19.5,68.6,11.9
"403",3804,"Narre Warren North","England",4.9,6.9,8,9.4,7.7,21.6,30.2,3.9,2.5,1.9,0.9,2.1,6213,27.6,20.4,"England",454,4,19.8,68.9,11.3
"404",3805,"Narre Warren","India",7.1,7.1,7.4,8,7.3,29.5,24.4,3.2,2.3,1.6,1.1,1,27169,34.7,26.7,"India",1860,3.7,21.6,69.2,9.2
"405",3805,"Narre Warren South","India",8.2,9.4,9.2,8.6,6.4,31,21.5,2.5,1.5,0.9,0.4,0.3,29888,34.9,26.7,"India",2438,4.4,26.8,67.5,5.6
"406",3806,"Berwick","England",7.4,7.8,7.7,7.8,6.3,29.5,22.6,3.2,2.6,1.9,1.7,1.5,46581,28.7,16.8,"England",4912,5.7,22.9,66.2,10.9
"407",3806,"Harkaway","England",4.6,4.6,7.5,9.9,7.2,26.7,26.5,5.5,4.1,1.2,1,1.2,415,17.3,5.7,"England",40,5.4,16.7,70.3,13
"408",3807,"Beaconsfield","England",7.1,8.4,9.1,9.1,6.2,28.5,24,2.7,2.5,1.2,1,0.2,6478,17.3,7,"England",714,6.3,24.6,67.8,7.6
"409",3875,"Hillside","India",8.2,9.1,8.7,7.4,6.6,34.3,21.4,2.1,1,0.6,0.4,0.2,17214,27.9,24.2,"India",1046,3.3,26,69.7,4.3
"410",3910,"Langwarrin","England",6.9,6.5,7,8,7.1,27.7,26.4,4,2.6,1.8,1.2,0.8,21929,17.4,5.7,"England",2950,7.1,20.4,69.2,10.4
"411",3911,"Baxter","England",6.5,4.8,5.8,6.2,7.4,29.9,28.8,4.3,3.8,1.1,0.8,0.6,2177,16.4,5.2,"England",274,6.8,17.1,72.3,10.6
"412",3911,"Langwarrin South","England",5.1,7.2,9.3,9.3,5.9,22.5,29.2,4.3,3.2,1.7,1.6,0.7,1173,15.2,6,"England",134,6.1,21.6,66.9,11.5
"413",3912,"Somerville","England",6.4,7,7.2,7.5,7.3,25,26.4,4.1,2.6,2.4,1.9,2.1,10388,15.2,3.8,"England",1586,8.1,20.6,66.2,13.1
"414",3912,"Pearcedale","England",6.1,7.5,7.8,9.8,6.4,28,27.3,3.5,1,0.4,1.6,0.7,2562,11.8,3.9,"England",298,6.3,21.4,71.5,7.2
"415",3913,"Tyabb","England",6.2,6.9,6.7,8.1,5.8,24.9,28.2,5.9,3.4,1.5,1.7,0.7,3107,16.2,4.4,"England",452,7.9,19.8,67,13.2
"416",3915,"Hastings","England",7.4,6.2,5.6,6.3,6.8,26.7,23.2,5.3,4.6,3.7,2.2,2.1,8586,17.6,5.4,"England",1352,8.7,19.2,63,17.9
"417",3918,"Bittern","England",5.8,7.8,8.3,7.9,5.7,24.5,26.6,5.4,3,1.8,1.7,1.4,3500,14.3,3.1,"England",532,8.2,21.9,64.7,13.3
"418",3919,"Crib Point","England",7.1,6.6,6.4,6.6,8.5,27.4,27,4.3,2.9,1.3,1.2,0.6,2942,13.1,3.3,"England",362,6.9,20.1,69.5,10.3
"419",3920,"Hmas Cerberus","England",3.6,3.3,2,28.9,31.7,25.4,4.9,0,0,0,0,0.2,1134,9.8,4.4,"England",54,2.6,8.9,90.9,0.2
"420",3927,"Somers","England",5.2,6.4,5.4,5.5,4.1,18,30.6,8.9,6,3.5,3.1,3.4,1472,15.4,3.8,"England",222,8.4,17,58.2,24.9
"421",3930,"Mount Eliza","England",5.4,7.1,7.6,7.8,4.9,19.1,29.2,6.5,4.6,3.4,2.3,2.3,18048,25.2,7.4,"England",3818,11.6,20.1,61,19.1
"422",3931,"Mornington","England",5.8,6,5.6,5.3,5.1,24.2,24.8,6.9,5.1,4.2,3.7,3.3,23401,23,6.5,"England",4492,10.6,17.4,59.4,23.2
"423",3934,"Mount Martha","England",6.7,7.8,7.4,6.5,4.4,22.8,25.2,6,4.6,3.5,2.6,2.5,17801,21.4,5.4,"England",3484,10.9,21.9,58.9,19.2
"424",3936,"Dromana","England",4.3,5.2,5.3,4.9,3.8,21.4,26.9,9.1,6.9,4.5,4.5,3.2,5146,19.4,10.2,"England",542,5.9,14.8,57,28.2
"425",3936,"Safety Beach","England",4.9,5.6,5.6,5.2,3.8,20,24.9,9.1,7.7,5.6,3.2,4.5,3701,24.4,9.7,"England",606,9.5,16.1,53.9,30.1
"426",3938,"McCrae","England",3.3,4.1,4.9,4.5,4.5,19,32.1,9.4,7,4,4.3,2.6,2667,13.2,5.6,"England",226,4.8,12.3,60.1,27.3
"427",3939,"Rosebud","England",5.2,5.4,4.7,5.4,4.6,20.6,24.7,7.1,6.6,5.7,5,5,13017,16.5,6,"England",1734,7.3,15.3,55.3,29.4
"428",3940,"Rosebud West","England",4.7,4.3,4.5,3.9,4.5,16.7,18.3,6.6,7.2,8.4,9.4,11.6,4766,18.4,7.7,"England",558,6.7,13.5,43.4,43.2
"429",3941,"Rye","England",6,5.2,5.4,4.3,4.4,21.4,27.5,8.5,6.6,5.5,2.9,2.5,8442,17.4,8.9,"England",744,5,16.6,57.6,26
"430",3941,"Tootgarook","England",6.5,6.8,5,5.1,5.8,22.7,23.1,8.1,6.4,4.2,3.6,2.8,2799,17.3,9,"England",262,5.3,18.3,56.7,25.1
"431",3941,"St Andrews Beach","England",7.6,5.8,7.5,5.8,3.1,27.2,33.4,3.6,3.5,1.1,0.7,0.6,891,14.5,6.8,"England",72,4.5,20.9,69.5,9.5
"432",3942,"Blairgowrie","England",4.3,4.9,5.2,3.2,3,18.5,26.5,9.9,10.4,6,4.7,3.4,2222,13.7,5.8,"England",256,6.4,14.4,51.2,34.4
"433",3943,"Sorrento","England",2.6,4.3,3.2,2.7,2.4,12.7,28.6,14.4,11.5,7.9,6.1,3.7,1490,14.9,6.5,"England",162,6,10.1,46.4,43.6
"434",3944,"Portsea","England",2.2,2.6,0,5,1.7,5.7,30.3,18.1,14.4,10.3,5.5,4.1,458,13.3,4.6,"England",44,5.3,4.8,42.7,52.4
"435",3975,"Lynbrook","India",9.7,9.5,7.3,6.4,5.3,35.4,19.9,2.1,1.1,0.9,0.8,1.5,7565,49.3,43,"India",1314,10.1,26.5,67,6.4
"436",3975,"Lyndhurst","India",12.4,7.9,4.7,4.6,5.9,46.9,15.4,0.9,0.8,0.1,0.2,0.2,5515,46.5,38.5,"India",726,7.6,25,72.8,2.2
"437",3976,"Hampton Park","India",8,7.4,7.8,8.3,7.5,30.6,22.9,2.9,1.8,1.4,0.7,0.6,24796,52.1,44.4,"India",3800,8.4,23.2,69.3,7.4
"438",3977,"Cranbourne","England",8,6.6,6.5,7,8,30.7,23.3,3.3,2.3,1.8,1.4,1,19932,28.3,18.4,"England",1474,4.2,21.1,69,9.8
"439",3977,"Cranbourne East","India",10.6,8.4,6.4,4.9,5.6,36.9,15.7,2.7,2.8,2.5,2,1.5,9577,31.5,20.9,"India",820,5.2,25.4,63.1,11.5
"440",3977,"Cranbourne North","India",9.2,7.9,7.4,7.5,7.6,34.4,20,2.5,1.7,0.9,0.6,0.3,15816,32.5,23.8,"India",1242,4.5,24.5,69.5,6
"441",3977,"Cranbourne West","New Zealand",11,8.4,7.4,7,7,36.4,17.5,1.9,1.4,0.9,0.8,0.5,9622,32.3,22.9,"New Zealand",868,5.2,26.8,67.9,5.5
"442",3977,"Junction Village","England",5.1,3.1,4.4,5.6,6.3,17.9,22.4,4.8,5.2,9,6.6,9.5,1260,20.5,8,"England",146,7,12.6,52.2,35.1
"443",3977,"Skye","England",8.4,8,8.6,7.2,6.2,33.9,21.3,2.4,1.8,1.2,0.6,0.3,8052,23.1,12.3,"England",728,5.1,25,68.6,6.3
"444",3977,"Botanic Ridge","England",11.7,8.5,5.6,5.9,6,41.9,17,2,0.7,0.3,0.4,0,1980,18,6.3,"England",204,6,25.8,70.8,3.4
"445",3977,"Cranbourne South","England",3.3,5.4,5.8,10.7,9.5,19.8,33.8,3.7,3.5,2.5,1.9,0,515,15.1,8.2,"England",58,6.2,14.5,73.8,11.6
"446",3977,"Devon Meadows","England",4.1,4.8,8.3,8.2,6.8,21.3,31.3,8.2,2.8,0.4,2.3,1.4,916,17.8,9.6,"England",102,6.3,17.2,67.6,15.1
"447",3977,"Sandhurst","England",9.3,6.9,5,4.5,5.4,36.4,26.7,3.9,0.9,0.6,0.2,0.3,3411,32.2,16,"England",452,7.6,21.2,73,5.9
